timestamp_ms,frame,marker_id,cx,cy,depth_m,c0x,c0y,c1x,c1y,c2x,c2y,c3x,c3y
3630.479,18,95,469.750,278.500,0.000,451.000,259.000,489.000,260.000,488.000,298.000,451.000,297.000
3832.548,19,95,473.750,255.500,0.000,455.000,237.000,492.000,237.000,493.000,274.000,455.000,274.000
4030.656,20,95,479.500,261.000,0.000,460.000,243.000,497.000,241.000,500.000,279.000,461.000,281.000
4232.116,21,95,477.000,260.500,0.000,457.000,243.000,495.000,241.000,497.000,278.000,459.000,280.000
4432.839,22,95,477.000,262.500,0.000,457.000,245.000,495.000,243.000,497.000,280.000,459.000,282.000
4632.781,23,95,477.000,264.000,0.000,457.000,246.000,495.000,244.000,497.000,282.000,459.000,284.000
4833.264,24,95,471.000,269.750,0.000,451.000,252.000,489.000,250.000,491.000,288.000,453.000,289.000
5032.863,25,95,457.500,272.750,0.000,439.000,254.000,474.000,255.000,476.000,292.000,441.000,290.000
5231.724,26,95,447.000,271.000,0.000,433.000,251.000,462.000,255.000,462.000,292.000,431.000,286.000
5431.453,27,95,440.000,266.750,0.000,428.000,246.000,454.000,252.000,452.000,289.000,426.000,280.000
5631.778,28,95,441.000,268.000,0.000,429.000,247.000,455.000,253.000,453.000,290.000,427.000,282.000
5832.028,29,95,451.000,269.250,0.000,435.000,249.000,468.000,253.000,467.000,290.000,434.000,285.000
6033.585,30,95,465.250,274.500,0.000,444.000,257.000,483.000,254.000,486.000,292.000,448.000,295.000
6234.211,31,95,472.250,278.500,0.000,449.000,264.000,488.000,256.000,495.000,293.000,457.000,301.000
6432.261,32,95,482.500,279.750,0.000,460.000,266.000,496.000,256.000,505.000,293.000,469.000,304.000
6632.489,33,95,495.250,278.250,0.000,474.000,267.000,505.000,253.000,516.000,289.000,486.000,304.000
6832.940,34,95,505.250,273.000,0.000,486.000,263.000,511.000,248.000,524.000,282.000,500.000,299.000
7034.819,35,94,473.000,286.000,0.000,495.000,301.000,467.000,306.000,452.000,272.000,478.000,265.000
7034.819,35,95,511.500,266.750,0.000,494.000,256.000,514.000,242.000,528.000,277.000,510.000,292.000
7234.829,36,94,480.250,281.250,0.000,504.000,295.000,472.000,303.000,457.000,268.000,488.000,259.000
7234.829,36,95,516.250,261.250,0.000,502.000,250.000,515.000,239.000,530.000,271.000,518.000,285.000
7434.796,37,94,476.500,280.750,0.000,500.000,296.000,468.000,302.000,454.000,267.000,484.000,258.000
7434.796,37,95,514.750,263.250,0.000,500.000,250.000,516.000,241.000,529.000,275.000,514.000,287.000
7633.049,38,94,477.000,282.250,0.000,500.000,298.000,468.000,303.000,455.000,268.000,485.000,260.000
7633.049,38,95,515.500,264.750,0.000,501.000,252.000,517.000,241.000,529.000,277.000,515.000,289.000
7833.166,39,94,473.250,286.250,0.000,495.000,302.000,465.000,306.000,452.000,271.000,481.000,266.000
7833.166,39,95,513.000,269.000,0.000,497.000,257.000,516.000,245.000,528.000,280.000,511.000,294.000
8034.729,40,94,470.750,289.750,0.000,492.000,307.000,463.000,308.000,450.000,274.000,478.000,270.000
8034.729,40,95,511.750,273.000,0.000,496.000,261.000,516.000,249.000,527.000,283.000,508.000,299.000
8235.543,41,94,468.500,295.000,0.000,489.000,314.000,460.000,312.000,449.000,277.000,476.000,277.000
8235.543,41,95,510.500,280.250,0.000,494.000,269.000,517.000,256.000,526.000,290.000,505.000,306.000
8435.385,42,94,466.250,299.750,0.000,486.000,319.000,459.000,316.000,447.000,281.000,473.000,283.000
8435.385,42,95,507.750,284.500,0.000,491.000,274.000,514.000,259.000,524.000,294.000,502.000,311.000
8634.797,43,94,464.500,304.000,0.000,484.000,324.000,456.000,319.000,446.000,285.000,472.000,288.000
8634.797,43,95,506.750,289.500,0.000,490.000,279.000,514.000,264.000,523.000,299.000,500.000,316.000
8835.269,44,94,460.500,310.750,0.000,478.000,331.000,453.000,324.000,443.000,291.000,468.000,297.000
8835.269,44,95,503.750,297.250,0.000,487.000,287.000,512.000,272.000,520.000,306.000,496.000,324.000
8835.269,44,93,479.750,270.750,0.000,505.000,264.000,480.000,280.000,455.000,277.000,479.000,262.000
9034.645,45,94,458.750,314.750,0.000,476.000,336.000,451.000,327.000,442.000,294.000,466.000,302.000
9034.645,45,95,502.500,303.250,0.000,485.000,294.000,512.000,278.000,519.000,311.000,494.000,330.000
9034.645,45,93,479.000,275.000,0.000,505.000,269.000,479.000,286.000,453.000,280.000,479.000,265.000
9234.430,46,94,457.500,314.750,0.000,474.000,336.000,450.000,327.000,441.000,294.000,465.000,302.000
9234.430,46,95,501.250,303.250,0.000,484.000,294.000,511.000,278.000,518.000,311.000,492.000,330.000
9234.430,46,93,478.250,275.000,0.000,504.000,269.000,478.000,286.000,453.000,280.000,478.000,265.000
9435.563,47,94,457.000,313.750,0.000,474.000,336.000,449.000,325.000,441.000,293.000,464.000,301.000
9435.563,47,95,500.750,302.500,0.000,483.000,293.000,511.000,277.000,517.000,311.000,492.000,329.000
9435.563,47,93,478.000,274.000,0.000,504.000,268.000,477.000,285.000,452.000,279.000,479.000,264.000
9636.064,48,95,500.500,301.750,0.000,483.000,292.000,510.000,276.000,517.000,311.000,492.000,328.000
9836.419,49,95,500.500,300.750,0.000,483.000,291.000,510.000,275.000,517.000,310.000,492.000,327.000
10035.898,50,94,457.000,311.000,0.000,474.000,333.000,449.000,324.000,441.000,290.000,464.000,297.000
10035.898,50,95,500.500,300.000,0.000,483.000,290.000,511.000,275.000,517.000,309.000,491.000,326.000
10236.241,51,94,456.250,310.500,0.000,473.000,332.000,449.000,323.000,440.000,290.000,463.000,297.000
10236.241,51,95,500.250,300.000,0.000,483.000,290.000,510.000,275.000,517.000,309.000,491.000,326.000
10436.610,52,94,454.750,314.500,0.000,471.000,337.000,448.000,325.000,439.000,293.000,461.000,303.000
10436.610,52,95,499.000,304.250,0.000,481.000,295.000,510.000,279.000,516.000,312.000,489.000,331.000
10436.610,52,93,477.000,275.250,0.000,503.000,270.000,475.000,287.000,451.000,280.000,479.000,264.000
10636.459,53,95,497.750,305.000,0.000,480.000,296.000,509.000,280.000,515.000,313.000,487.000,331.000
10836.406,54,94,454.000,314.250,0.000,470.000,337.000,447.000,324.000,439.000,293.000,460.000,303.000
10836.406,54,95,498.000,304.500,0.000,480.000,295.000,509.000,279.000,515.000,313.000,488.000,331.000
10836.406,54,93,476.250,275.000,0.000,503.000,270.000,474.000,287.000,450.000,279.000,478.000,264.000
11036.910,55,95,498.250,302.500,0.000,480.000,293.000,509.000,277.000,516.000,311.000,488.000,329.000
11036.910,55,93,476.500,273.500,0.000,503.000,268.000,474.000,285.000,451.000,278.000,478.000,263.000
11237.419,56,95,499.000,301.750,0.000,481.000,292.000,510.000,276.000,516.000,311.000,489.000,328.000
11436.982,57,95,499.000,302.250,0.000,481.000,293.000,510.000,277.000,516.000,311.000,489.000,328.000
11436.982,57,93,476.750,273.500,0.000,503.000,268.000,475.000,285.000,451.000,278.000,478.000,263.000
11637.378,58,94,454.000,312.250,0.000,470.000,335.000,447.000,323.000,439.000,291.000,460.000,300.000
11637.378,58,95,498.000,302.750,0.000,480.000,293.000,509.000,277.000,515.000,312.000,488.000,329.000
11637.378,58,93,476.750,273.500,0.000,502.000,268.000,475.000,285.000,451.000,278.000,479.000,263.000
11837.088,59,94,452.750,311.750,0.000,468.000,334.000,446.000,323.000,438.000,290.000,459.000,300.000
11837.088,59,95,496.750,303.000,0.000,479.000,293.000,508.000,278.000,514.000,312.000,486.000,329.000
11837.088,59,93,476.000,273.000,0.000,502.000,268.000,474.000,284.000,450.000,277.000,478.000,263.000
12037.881,60,94,452.750,311.750,0.000,468.000,334.000,446.000,323.000,438.000,290.000,459.000,300.000
12037.881,60,95,496.750,303.000,0.000,479.000,293.000,508.000,278.000,514.000,312.000,486.000,329.000
12037.881,60,93,476.000,273.250,0.000,502.000,269.000,474.000,284.000,450.000,277.000,478.000,263.000
12237.840,61,95,496.500,303.000,0.000,478.000,293.000,508.000,278.000,514.000,312.000,486.000,329.000
12237.840,61,93,475.500,273.500,0.000,502.000,269.000,472.000,285.000,450.000,277.000,478.000,263.000
12436.128,62,94,452.500,311.750,0.000,468.000,335.000,446.000,323.000,438.000,290.000,458.000,299.000
12436.128,62,95,496.500,303.000,0.000,478.000,293.000,508.000,278.000,514.000,312.000,486.000,329.000
12436.128,62,93,475.500,273.500,0.000,502.000,269.000,472.000,285.000,450.000,277.000,478.000,263.000
12637.561,63,94,452.750,312.500,0.000,468.000,335.000,446.000,323.000,438.000,291.000,459.000,301.000
12637.561,63,95,496.500,303.500,0.000,478.000,294.000,508.000,278.000,514.000,313.000,486.000,329.000
12637.561,63,93,475.750,273.500,0.000,501.000,269.000,473.000,285.000,450.000,277.000,479.000,263.000
12837.798,64,94,452.750,312.000,0.000,468.000,335.000,446.000,323.000,438.000,290.000,459.000,300.000
12837.798,64,95,496.500,303.250,0.000,478.000,293.000,508.000,278.000,514.000,313.000,486.000,329.000
12837.798,64,93,475.500,273.500,0.000,502.000,269.000,472.000,285.000,450.000,277.000,478.000,263.000
13036.497,65,94,452.750,312.000,0.000,468.000,334.000,446.000,323.000,438.000,290.000,459.000,301.000
13036.497,65,95,496.500,303.250,0.000,478.000,293.000,508.000,278.000,514.000,313.000,486.000,329.000
13036.497,65,93,475.500,273.500,0.000,502.000,269.000,472.000,285.000,450.000,277.000,478.000,263.000
13238.438,66,94,452.500,311.500,0.000,468.000,334.000,446.000,323.000,438.000,290.000,458.000,299.000
13238.438,66,95,496.500,303.250,0.000,478.000,293.000,508.000,278.000,514.000,313.000,486.000,329.000
13238.438,66,93,475.500,273.500,0.000,502.000,269.000,472.000,285.000,450.000,277.000,478.000,263.000
13438.167,67,95,496.500,304.000,0.000,478.000,294.000,508.000,279.000,514.000,313.000,486.000,330.000
13637.045,68,94,452.500,311.750,0.000,468.000,335.000,446.000,323.000,438.000,290.000,458.000,299.000
13637.045,68,95,496.750,303.250,0.000,479.000,293.000,508.000,278.000,514.000,313.000,486.000,329.000
13637.045,68,93,475.500,273.500,0.000,502.000,269.000,472.000,285.000,450.000,277.000,478.000,263.000
13837.218,69,94,452.500,312.250,0.000,468.000,335.000,446.000,323.000,438.000,291.000,458.000,300.000
13837.218,69,95,496.500,303.750,0.000,478.000,294.000,508.000,278.000,514.000,313.000,486.000,330.000
13837.218,69,93,475.750,273.750,0.000,501.000,269.000,473.000,285.000,451.000,278.000,478.000,263.000
14037.668,70,95,497.000,304.500,0.000,479.000,294.000,509.000,280.000,514.000,314.000,486.000,330.000
14037.668,70,93,476.000,274.500,0.000,502.000,270.000,473.000,286.000,450.000,278.000,479.000,264.000
14238.974,71,95,506.500,320.500,0.000,489.000,313.000,518.000,294.000,523.000,328.000,496.000,347.000
